{"video_high_mean": 20.028937039033543, "banner_high_mean": 4.9950548950310525, "banner_avg_mean": 3.5094123967968245, "video_avg_mean": 14.09527772576955}