{"high_mean": 12.511995967032302, "avg_mean": 8.764436260928782}