{"video_high_mean": 20.028937039033543, "banner_high_mean": 4.9950548950310525, "banner_avg_mean": 3.501130890738841, "video_avg_mean": 14.048424604196128}