{"high_mean": 12.511995967032302, "avg_mean": 8.79589158752364}